<<<<<<< OURS
<?xml version="1.0" encoding="UTF-8"?>
<project-private xmlns="http://www.netbeans.org/ns/project-private/1">
    <editor-bookmarks xmlns="http://www.netbeans.org/ns/editor-bookmarks/2" lastBookmarkId="0"/>
    <open-files xmlns="http://www.netbeans.org/ns/projectui-open-files/2">
        <group>
            <file>file:/D:/dev/adamson/FinalProjectOOP/Banking_System/GenBank/src/GenBank/GenBank.java</file>
        </group>
    </open-files>
</project-private>
=======
<?xml version="1.0" encoding="UTF-8"?>
<project-private xmlns="http://www.netbeans.org/ns/project-private/1">
    <editor-bookmarks xmlns="http://www.netbeans.org/ns/editor-bookmarks/2" lastBookmarkId="0"/>
    <open-files xmlns="http://www.netbeans.org/ns/projectui-open-files/2">
        <group>
            <file>file:/C:/Users/Suave/Banking_System/GenBank/src/UserCreationForm.java</file>
            <file>file:/C:/Users/Suave/Banking_System/GenBank/src/UserForgetPassForm.java</file>
            <file>file:/C:/Users/Suave/Banking_System/GenBank/src/UserLogInForm.java</file>
            <file>file:/C:/Users/Suave/Banking_System/GenBank/src/UserAccountReset.java</file>
        </group>
    </open-files>
</project-private>
>>>>>>> THEIRS
